Model,AUC-ROC,Accuracy,Precision,Recall,F1-Score
Logistic Regression,0.787730010433463,0.8367594629447015,0.7484725050916496,0.2784090909090909,0.405853119823302
Random Forest,0.7870608891724798,0.8363801866039596,0.8053097345132744,0.2412878787878788,0.3713203147770329
XGBoost,0.7901530959792366,0.8369111734809983,0.753099173553719,0.2761363636363636,0.40410199556541027
LightGBM,0.7895996625651374,0.8356216339224759,0.7545748116254036,0.265530303030303,0.39282712244326135
Gradient Boosting,0.7908993544474433,0.8374421603580369,0.7580477673935618,0.2765151515151515,0.405217873993894
Neural Network,0.7939374179047421,0.8369870287491467,0.8042131350681536,0.24583333333333332,0.37655932695097183
Stacking Ensemble,0.7928894009812628,0.8354699233861792,0.7017994858611826,0.31022727272727274,0.43026004728132394
