fold,auc_roc,accuracy,precision,recall,f1_score,samples
1,0.7960621159312103,0.8411083595475537,0.8786764705882353,0.23963903743315507,0.3765756302521009,14941
2,0.7837642226566293,0.8359547553711264,0.7211774325429272,0.2947860962566845,0.41850533807829177,14941
3,0.7820544018853747,0.8324743993039287,0.7188898836168308,0.26838235294117646,0.3908493550742273,14941
4,0.7807099932959285,0.8339468576400508,0.7449664429530202,0.25969251336898397,0.3851301115241636,14941
5,0.7884858358824312,0.837962653102202,0.7948453608247422,0.25760106916137654,0.38909916729750194,14941
