fold,auc_roc,accuracy,precision,recall,f1_score,samples
1,0.7975291490617658,0.8423800281105682,0.8030447193149381,0.2820855614973262,0.4175117487014593,14941
2,0.7860290005920885,0.8364232648417107,0.7459605026929982,0.27774064171123,0.4047735021919143,14941
3,0.7795258021726026,0.8324074693795596,0.7563025210084033,0.24064171122994651,0.36511156186612576,14941
4,0.7816669346281411,0.8324743993039287,0.7507692307692307,0.2446524064171123,0.3690446180993194,14941
5,0.7878621705304789,0.8362224750686031,0.7523105360443623,0.27196792515870366,0.39950920245398774,14941
